Low Mass AGNs,Medium Mass AGNs,High Mass AGNs
"['Al6(9)/Al5', 72.09317344269924]","['Si9/Si7(6)', 15.444027768518685]","['Mg7(9)/Mg5(3)', 111.26830675317834]"
"['Na7/Na4(6)', 42.94074802208977]","['Mg5(5)/Mg4', 12.944474689947015]","['Mg7(9)/Mg5(13)', 105.69819838001123]"
"['Al9/Al8(5)', 17.025513751523118]","['Na6(8)/Na4(6)', 11.176815626698248]","['Mg7(9)/Mg5(5)', 104.35471359586546]"
"['Mg7(9)/Mg5(3)', 16.33427006317805]","['Si10/Si7(6)', 10.03782517409401]","['Mg7(5)/Mg5(3)', 70.56815894605916]"
"['Mg7(9)/Mg4', 14.676349350109449]","['Mg7(9)/Mg5(3)', 9.04663292967702]","['Na6(8)/Na4(21)', 24.059558944816658]"
"['Al6(3)/Al5', 13.50360865078402]","['Al9/Al5', 7.928695744356008]",0
"['Mg7(5)/Mg5(3)', 9.093703465523353]","['Ca8/Ca5(11)', 7.7264449205682295]",0
0,"['Si10/Si7(2)', 7.284150568439054]",0
