Low Mass AGNs,Medium Mass AGNs,High Mass AGNs
"['Mg5(13)/Mg4', 150.73517035875645]","['Si9/Si7(6)', 145.78925986285162]","['Mg7(9)/Mg5(13)', 636.8837556449151]"
"['Mg7(5)/Mg5(3)', 134.59003639763466]","['Al8(3)/Al6(3)', 91.49292659173197]","['Al9/Al8(3)', 411.115420436226]"
"['Si9/Si7(6)', 107.16156326647055]","['Ne6/Ne5(14)', 84.51748119025412]","['Na7/Na4(21)', 208.93272038191984]"
"['Mg7(9)/Mg5(3)', 80.8795907163087]","['Na7/Na6(14)', 76.79228134498825]","['Ca8/Ca5(4)', 158.84549710032752]"
"['Na7/Na4(21)', 35.14038065203376]","['Mg5(5)/Mg4', 58.56146397189624]","['Mg5(5)/Mg4', 102.25637686609561]"
"['Mg7(9)/Mg4', 34.0328291036619]","['Mg5(13)/Mg4', 58.42713133053788]","['Mg7(9)/Mg5(5)', 101.71395186823354]"
"['Na6(8)/Na4(21)', 33.71138048234027]","['Al9/Al5', 33.36588133863049]","['Na6(8)/Na4(21)', 26.480397457948055]"
"['Mg7(9)/Mg5(13)', 33.45255615380634]","['Ca8/Ca5(4)', 17.24754559603046]","['Na6(14)/Na4(21)', 6.986669558169169]"
"['Mg7(5)/Mg4(4)', 32.92752414843681]",0,"['Na6(8)/Na4(9)', 5.376397162035875]"
